{"test/env_step":2.048e+06,"_timestamp":1.7418361117537956e+09,"train/episode":10,"_runtime":267.193391955,"update/loss/vf":0.00034297042,"test/reward_std":0.04013511,"test/length":29,"train/reward":18.027668,"test/length_std":0,"update/loss/ent":0.14985204,"_wandb":{"runtime":267},"train/length":29.4,"test/reward":17.99536,"update/loss/clip":-0.0062982864,"_step":7432,"global_step":2048000,"update/loss":-0.010708105}